UY9FAEHBWMKNG7LVCQD46PRT,21
ECM4QWH8VU3KADPRYT6B7XFG,28
BDH9PYUQN8WMEAKRL746TVFG,22
DY68QREWUJG39NMBF4CP7KHL,24
VUWM4X3DEKHQN8TCL7P9AJFB,25
BNGU6YCTKQ9MHEVJRPX8L47F,24
GCVXN6WU3A97LPQ4KMYRFJEH,29
4JM9X6QV7EW8YGTK3LBUNCDR,29
TGK3VPE6RUQ8XJHM94NYWADB,22
NALHJ8TDWYMUP3XBK697CRVQ,26
MHQL6D4FCUGJAXP97BK8ERV3,23
LD9VFW6GAE4C8YUHB3NQ7TKR,21
R9JU4TL3PXENYDGCQVF67HAM,22
T8DMYH9XKAPQ7U3VBW4FNJLG,22
DJYH9BGFAWCEUR6LVPMQ4X73,26
RGPN83JQD6KHVWLBE4CT9MUA,25
P8VD9HBRQGU4J7W3MEKLCXYA,22
76X4U38KARNGQMTPBLCJYFHV,26
JTCAD9UG3F6Y8VBWM74NPHRL,30
WCBNJ746DHAYRXQTV93PEFLG,29
EKDRTUBFHL86X7PJ9AYGC34V,24
PVQFUTEBCLYWGRH79J4KAX6N,25
8HV3RPBXDJLACWE76K9NTQGY,27
T7VYJD93BQGCRHFL6EPKMA4W,20
B9YDV8U3XHN4RFMWPAQ7CTEK,22
J4DQK8G6TYVN3UELHXAP79FB,20
TQ7LNCUEYGHD86ABJXF93KVW,29
AVELYGDK4UPWFQ8HJTN6XCR7,20
HKAFJLWYDR384MGC79BP6VNX,24
F9E4XRT3LU6JVGWYPCMNQH87,21
7MJVXDY34N8HUFBKQAL9PCEG,30
PQY49H87MJ6BKN3WRXVUFCTG,29
3VAWGF79E8HJMBC6DPYTRNQX,29
768YXM3TEVKB9WCALHJ4NRGP,25
YXQWPHUVLRT6K9NE8M4DF7CG,25
TY8LFDGU7KVA3X6BCHERNP9M,27
HNB38UKWC67AYFEVJMG9QXPD,23
FGHXDMPT3A7EUCL9NB6Y4VRW,21
8JGW6T4AVMFCBYDK7ELXPN3R,26
DBNKVJMWUHCGA3TL9Y8QX467,28
4BG9ADNVHR6CTK8JQUYEM3PF,20
XJFPNDBEGWYM9U4C38R7QT6A,26
